<?xml version="1.0" ?>
<XMI xmi.version="1.2" xmlns:UML="org.omg/UML/1.4">
  <XMI.content>
    <UML:Model name="Lorraine" xmi.id="M.1">
      <UML:Namespace.ownedElement>
        <UML:Class name="Config" xmi.id="C.1">
          <UML:Classifier.feature>
            <UML:Attribute name="ID" xmi.id="A.1"/>
            <UML:Attribute name="Version" xmi.id="A.2"/>
            <UML:Attribute name="CreateDate" xmi.id="A.3"/>
          </UML:Classifier.feature>
        </UML:Class>
        <UML:Class name="Well" xmi.id="C.2">
          <UML:Classifier.feature>
            <UML:Attribute name="ID" xmi.id="A.4"/>
            <UML:Attribute name="UWI" xmi.id="A.5"/>
            <UML:Attribute name="Prov" xmi.id="A.6"/>
            <UML:Attribute name="WellType" xmi.id="A.7"/>
            <UML:Attribute name="LeaseType" xmi.id="A.8"/>
            <UML:Attribute name="LeaseID" xmi.id="A.9"/>
            <UML:Attribute name="RoyaltyClassification" xmi.id="A.10"/>
            <UML:Attribute name="Classification" xmi.id="A.11"/>
            <UML:Attribute name="SRC" xmi.id="A.12"/>
            <UML:Attribute name="IndianInterest" xmi.id="A.13"/>
            <UML:Attribute name="CommencementDate" xmi.id="A.14"/>
            <UML:Attribute name="ReferencePrice" xmi.id="A.15"/>
          </UML:Classifier.feature>
        </UML:Class>
        <UML:Class name="RoyaltyMaster" xmi.id="C.3">
          <UML:Classifier.feature>
            <UML:Attribute name="ID" xmi.id="A.16"/>
            <UML:Attribute name="LeaseType" xmi.id="A.17"/>
            <UML:Attribute name="RightsGranted" xmi.id="A.18"/>
            <UML:Attribute name="RoyaltyScheme" xmi.id="A.19"/>
            <UML:Attribute name="CrownMultiplier" xmi.id="A.20"/>
            <UML:Attribute name="MinRoyalty" xmi.id="A.21"/>
            <UML:Attribute name="ValuationMethod" xmi.id="A.22"/>
            <UML:Attribute name="TruckingDeducted" xmi.id="A.23"/>
            <UML:Attribute name="ProcessingDeducted" xmi.id="A.24"/>
            <UML:Attribute name="Gorr" xmi.id="A.25"/>
            <UML:Attribute name="Notes" xmi.id="A.26"/>
          </UML:Classifier.feature>
        </UML:Class>
        <UML:Class name="Lease" xmi.id="C.4">
          <UML:Classifier.feature>
            <UML:Attribute name="ID" xmi.id="A.27"/>
            <UML:Attribute name="LeaseType" xmi.id="A.28"/>
            <UML:Attribute name="Prov" xmi.id="A.29"/>
            <UML:Attribute name="FNReserve" xmi.id="A.30"/>
            <UML:Attribute name="Lessor" xmi.id="A.31"/>
            <UML:Attribute name="Notes" xmi.id="A.32"/>
          </UML:Classifier.feature>
        </UML:Class>
        <UML:Class name="Monthly" xmi.id="C.5">
          <UML:Classifier.feature>
            <UML:Attribute name="ID" xmi.id="A.33"/>
            <UML:Attribute name="ExtractMonth" xmi.id="A.34"/>
            <UML:Attribute name="ProdMonth" xmi.id="A.35"/>
            <UML:Attribute name="WellID" xmi.id="A.36"/>
            <UML:Attribute name="Product" xmi.id="A.37"/>
            <UML:Attribute name="AmendNo" xmi.id="A.38"/>
            <UML:Attribute name="ProdHours" xmi.id="A.39"/>
            <UML:Attribute name="ProdVol" xmi.id="A.40"/>
            <UML:Attribute name="TransPrice" xmi.id="A.41"/>
            <UML:Attribute name="WellHeadPrice" xmi.id="A.42"/>
            <UML:Attribute name="TransRate" xmi.id="A.43"/>
            <UML:Attribute name="ProcessingRate" xmi.id="A.44"/>
          </UML:Classifier.feature>
        </UML:Class>
        <UML:Class name="LinkTab" xmi.id="C.6">
          <UML:Classifier.feature>
            <UML:Attribute name="ID" xmi.id="A.45"/>
            <UML:Attribute name="TabName" xmi.id="A.46"/>
            <UML:Attribute name="AttrName" xmi.id="A.47"/>
            <UML:Attribute name="LinkName" xmi.id="A.48"/>
            <UML:Attribute name="BaseTab" xmi.id="A.49"/>
            <UML:Attribute name="ShowAttrs" xmi.id="A.50"/>
          </UML:Classifier.feature>
        </UML:Class>
        <UML:Class name="ReferenceData" xmi.id="C.7">
          <UML:Classifier.feature>
            <UML:Attribute name="Table" xmi.id="A.51"/>
            <UML:Attribute name="Code" xmi.id="A.52"/>
            <UML:Attribute name="Description" xmi.id="A.53"/>
          </UML:Classifier.feature>
        </UML:Class>
        <UML:Class name="DataDict" xmi.id="C.8">
          <UML:Classifier.feature>
            <UML:Attribute name="Lease" xmi.id="A.54"/>
            <UML:Attribute name="LeaseID" xmi.id="A.55"/>
            <UML:Attribute name="The Lease ID is a numeric number. Please see Myrna for the next available number. Bla bla bla" xmi.id="A.56"/>
          </UML:Classifier.feature>
        </UML:Class>
        <UML:Class name="ProducingEntity" xmi.id="C.9">
          <UML:Classifier.feature>
            <UML:Attribute name="PEID" xmi.id="A.57"/>
            <UML:Attribute name="Name" xmi.id="A.58"/>
            <UML:Attribute name="IndianInterest" xmi.id="A.59"/>
          </UML:Classifier.feature>
        </UML:Class>
        <UML:Class name="ECONData" xmi.id="C.10">
          <UML:Classifier.feature>
            <UML:Attribute name="ID" xmi.id="A.60"/>
            <UML:Attribute name="CharMonth" xmi.id="A.61"/>
            <UML:Attribute name="ProdMonth" xmi.id="A.62"/>
            <UML:Attribute name="HOP" xmi.id="A.63"/>
            <UML:Attribute name="SOP" xmi.id="A.64"/>
            <UML:Attribute name="NOP" xmi.id="A.65"/>
            <UML:Attribute name="H4T_C" xmi.id="A.66"/>
            <UML:Attribute name="H4T_D" xmi.id="A.67"/>
            <UML:Attribute name="H4T_K" xmi.id="A.68"/>
            <UML:Attribute name="H4T_X" xmi.id="A.69"/>
            <UML:Attribute name="H3T_K" xmi.id="A.70"/>
            <UML:Attribute name="H3T_X" xmi.id="A.71"/>
            <UML:Attribute name="HNEW_K" xmi.id="A.72"/>
            <UML:Attribute name="HNEW_X" xmi.id="A.73"/>
            <UML:Attribute name="SW4T_C" xmi.id="A.74"/>
            <UML:Attribute name="SW4T_D" xmi.id="A.75"/>
            <UML:Attribute name="SW4T_K" xmi.id="A.76"/>
            <UML:Attribute name="SW4T_X" xmi.id="A.77"/>
            <UML:Attribute name="SW3T_K" xmi.id="A.78"/>
            <UML:Attribute name="SW3T_X" xmi.id="A.79"/>
            <UML:Attribute name="SWNEW_K" xmi.id="A.80"/>
            <UML:Attribute name="SWNEW_X" xmi.id="A.81"/>
            <UML:Attribute name="O4T_C" xmi.id="A.82"/>
            <UML:Attribute name="O4T_D" xmi.id="A.83"/>
            <UML:Attribute name="O4T_K" xmi.id="A.84"/>
            <UML:Attribute name="O4T_X" xmi.id="A.85"/>
            <UML:Attribute name="O3T_K" xmi.id="A.86"/>
            <UML:Attribute name="O3T_X" xmi.id="A.87"/>
            <UML:Attribute name="ONEW_K" xmi.id="A.88"/>
            <UML:Attribute name="ONEW_X" xmi.id="A.89"/>
            <UML:Attribute name="OOLD_K" xmi.id="A.90"/>
            <UML:Attribute name="OOLD_X" xmi.id="A.91"/>
          </UML:Classifier.feature>
        </UML:Class>
        <UML:Class name="BAInfo" xmi.id="C.11">
          <UML:Classifier.feature>
            <UML:Attribute name="BAid" xmi.id="A.92"/>
            <UML:Attribute name="StartDate" xmi.id="A.93"/>
            <UML:Attribute name="EndDate" xmi.id="A.94"/>
            <UML:Attribute name="BAType" xmi.id="A.95"/>
            <UML:Attribute name="LSASid" xmi.id="A.96"/>
            <UML:Attribute name="LSAS" xmi.id="A.97"/>
            <UML:Attribute name="CorpLegalName" xmi.id="A.98"/>
            <UML:Attribute name="CorpShortName" xmi.id="A.99"/>
            <UML:Attribute name="CorpSortName" xmi.id="A.100"/>
            <UML:Attribute name="CorpAbbrevName" xmi.id="A.101"/>
            <UML:Attribute name="IndLastName" xmi.id="A.102"/>
            <UML:Attribute name="IndMiddleName" xmi.id="A.103"/>
            <UML:Attribute name="IndFirstName" xmi.id="A.104"/>
            <UML:Attribute name="NameChangeDte" xmi.id="A.105"/>
            <UML:Attribute name="CorpAddrKey" xmi.id="A.106"/>
            <UML:Attribute name="CorpPhoneCountryCode" xmi.id="A.107"/>
            <UML:Attribute name="CorpPhone" xmi.id="A.108"/>
            <UML:Attribute name="CorpPhoneExtension" xmi.id="A.109"/>
            <UML:Attribute name="CorpFaxCountryCode" xmi.id="A.110"/>
            <UML:Attribute name="S003CorpFax" xmi.id="A.111"/>
            <UML:Attribute name="CorpFaxExtension" xmi.id="A.112"/>
            <UML:Attribute name="CorpEmail" xmi.id="A.113"/>
            <UML:Attribute name="ContactPersonKey" xmi.id="A.114"/>
            <UML:Attribute name="IntentToHoldEUBLic" xmi.id="A.115"/>
            <UML:Attribute name="EUBLicEligibilityType" xmi.id="A.116"/>
            <UML:Attribute name="ABCorpAccessNumber" xmi.id="A.117"/>
            <UML:Attribute name="CareOfFlg" xmi.id="A.118"/>
            <UML:Attribute name="CareOfBAID" xmi.id="A.119"/>
            <UML:Attribute name="GSTCode" xmi.id="A.120"/>
            <UML:Attribute name="GSTRegistrationNumber" xmi.id="A.121"/>
            <UML:Attribute name="BASecurityRoleTypID" xmi.id="A.122"/>
            <UML:Attribute name="AmalgamationDte" xmi.id="A.123"/>
            <UML:Attribute name="AmalgamatorKey" xmi.id="A.124"/>
            <UML:Attribute name="RegistryActiveInd" xmi.id="A.125"/>
            <UML:Attribute name="RegistryActiveEffDte" xmi.id="A.126"/>
            <UML:Attribute name="TradeNamePartnershipNumber" xmi.id="A.127"/>
            <UML:Attribute name="BAStatusTypID" xmi.id="A.128"/>
          </UML:Classifier.feature>
        </UML:Class>
        <UML:Class name="RTAHeader" xmi.id="C.12">
          <UML:Classifier.feature>
            <UML:Attribute name="WellEvent" xmi.id="A.129"/>
            <UML:Attribute name="StartDate" xmi.id="A.130"/>
            <UML:Attribute name="EndDate" xmi.id="A.131"/>
            <UML:Attribute name="Name" xmi.id="A.132"/>
            <UML:Attribute name="Subtype" xmi.id="A.133"/>
            <UML:Attribute name="RTPOperator" xmi.id="A.134"/>
            <UML:Attribute name="RTPPriorPrdAmendmentFlag" xmi.id="A.135"/>
          </UML:Classifier.feature>
        </UML:Class>
        <UML:Class name="RTAMineralOwnership" xmi.id="C.13">
          <UML:Classifier.feature>
            <UML:Attribute name="WellEvent" xmi.id="A.136"/>
            <UML:Attribute name="StartDate" xmi.id="A.137"/>
            <UML:Attribute name="EndDate" xmi.id="A.138"/>
            <UML:Attribute name="MineralOwnershipType" xmi.id="A.139"/>
            <UML:Attribute name="Product" xmi.id="A.140"/>
            <UML:Attribute name="ExemptBA" xmi.id="A.141"/>
            <UML:Attribute name="Percent" xmi.id="A.142"/>
          </UML:Classifier.feature>
        </UML:Class>
        <UML:Class name="RTAWellsinPE" xmi.id="C.14">
          <UML:Classifier.feature>
            <UML:Attribute name="PE" xmi.id="A.143"/>
            <UML:Attribute name="WellEvent" xmi.id="A.144"/>
            <UML:Attribute name="Product" xmi.id="A.145"/>
            <UML:Attribute name="StartDate" xmi.id="A.146"/>
            <UML:Attribute name="EndDate" xmi.id="A.147"/>
            <UML:Attribute name="WEPEAllocationPct" xmi.id="A.148"/>
            <UML:Attribute name="PctSubjecttoNR" xmi.id="A.149"/>
          </UML:Classifier.feature>
        </UML:Class>
        <UML:Class name="WellEventInfo" xmi.id="C.15">
          <UML:Classifier.feature>
            <UML:Attribute name="WellEvent" xmi.id="A.150"/>
            <UML:Attribute name="StartDate" xmi.id="A.151"/>
            <UML:Attribute name="EndDate" xmi.id="A.152"/>
            <UML:Attribute name="Well" xmi.id="A.153"/>
            <UML:Attribute name="WellEventType" xmi.id="A.154"/>
            <UML:Attribute name="RecoveryType" xmi.id="A.155"/>
            <UML:Attribute name="HorizonPool" xmi.id="A.156"/>
            <UML:Attribute name="PoolName" xmi.id="A.157"/>
            <UML:Attribute name="PoolAssignmentStatus" xmi.id="A.158"/>
            <UML:Attribute name="OnProductionDate" xmi.id="A.159"/>
            <UML:Attribute name="ExpConfInd" xmi.id="A.160"/>
            <UML:Attribute name="ExpConfEffDate" xmi.id="A.161"/>
            <UML:Attribute name="ExpConfTermDate" xmi.id="A.162"/>
            <UML:Attribute name="GCITop" xmi.id="A.163"/>
            <UML:Attribute name="GCIBottom" xmi.id="A.164"/>
            <UML:Attribute name="Meridian" xmi.id="A.165"/>
            <UML:Attribute name="Range" xmi.id="A.166"/>
            <UML:Attribute name="Township" xmi.id="A.167"/>
            <UML:Attribute name="Section" xmi.id="A.168"/>
            <UML:Attribute name="LSD" xmi.id="A.169"/>
            <UML:Attribute name="LE" xmi.id="A.170"/>
            <UML:Attribute name="ES" xmi.id="A.171"/>
            <UML:Attribute name="HistoricalVolumetricInd" xmi.id="A.172"/>
            <UML:Attribute name="GCIStatus" xmi.id="A.173"/>
            <UML:Attribute name="RangeAlt" xmi.id="A.174"/>
            <UML:Attribute name="TownshipAlt" xmi.id="A.175"/>
            <UML:Attribute name="SectionAlt" xmi.id="A.176"/>
          </UML:Classifier.feature>
        </UML:Class>
        <UML:Class name="WellEventStatus" xmi.id="C.16">
          <UML:Classifier.feature>
            <UML:Attribute name="WellEvent" xmi.id="A.177"/>
            <UML:Attribute name="StartDate" xmi.id="A.178"/>
            <UML:Attribute name="EndDate" xmi.id="A.179"/>
            <UML:Attribute name="Fluid" xmi.id="A.180"/>
            <UML:Attribute name="Mode" xmi.id="A.181"/>
            <UML:Attribute name="Status" xmi.id="A.182"/>
            <UML:Attribute name="Structure" xmi.id="A.183"/>
            <UML:Attribute name="WellUnitID" xmi.id="A.184"/>
            <UML:Attribute name="UnitKey" xmi.id="A.185"/>
          </UML:Classifier.feature>
        </UML:Class>
        <UML:Class name="WellInfo" xmi.id="C.17">
          <UML:Classifier.feature>
            <UML:Attribute name="Well" xmi.id="A.186"/>
            <UML:Attribute name="StartDate" xmi.id="A.187"/>
            <UML:Attribute name="EndDate" xmi.id="A.188"/>
            <UML:Attribute name="WellLicence" xmi.id="A.189"/>
            <UML:Attribute name="WellName" xmi.id="A.190"/>
            <UML:Attribute name="SpudDate" xmi.id="A.191"/>
            <UML:Attribute name="FinishedDrillDate" xmi.id="A.192"/>
            <UML:Attribute name="MaxTrueVertDepth" xmi.id="A.193"/>
            <UML:Attribute name="RigReleaseDate" xmi.id="A.194"/>
            <UML:Attribute name="FinalTotalDepth" xmi.id="A.195"/>
            <UML:Attribute name="LaheeClass" xmi.id="A.196"/>
            <UML:Attribute name="ConfidentialType" xmi.id="A.197"/>
            <UML:Attribute name="RangeAlt" xmi.id="A.198"/>
            <UML:Attribute name="TownshipAlt" xmi.id="A.199"/>
            <UML:Attribute name="SectionAlt" xmi.id="A.200"/>
          </UML:Classifier.feature>
        </UML:Class>
        <UML:Class name="WellLicence" xmi.id="C.18">
          <UML:Classifier.feature>
            <UML:Attribute name="WellLicence" xmi.id="A.201"/>
            <UML:Attribute name="StartDate" xmi.id="A.202"/>
            <UML:Attribute name="EndDate" xmi.id="A.203"/>
            <UML:Attribute name="Licensee" xmi.id="A.204"/>
            <UML:Attribute name="Status" xmi.id="A.205"/>
            <UML:Attribute name="IssueDate" xmi.id="A.206"/>
            <UML:Attribute name="Meridian" xmi.id="A.207"/>
            <UML:Attribute name="Range" xmi.id="A.208"/>
            <UML:Attribute name="Township" xmi.id="A.209"/>
            <UML:Attribute name="Section" xmi.id="A.210"/>
            <UML:Attribute name="LSD" xmi.id="A.211"/>
            <UML:Attribute name="LE" xmi.id="A.212"/>
            <UML:Attribute name="ES" xmi.id="A.213"/>
            <UML:Attribute name="DevlCategory" xmi.id="A.214"/>
            <UML:Attribute name="LicenceType" xmi.id="A.215"/>
            <UML:Attribute name="Purpose" xmi.id="A.216"/>
            <UML:Attribute name="Substance" xmi.id="A.217"/>
            <UML:Attribute name="ProjectedFormation" xmi.id="A.218"/>
            <UML:Attribute name="ProjectedFormationName" xmi.id="A.219"/>
            <UML:Attribute name="TerminatingFormation" xmi.id="A.220"/>
            <UML:Attribute name="TerminatingFormationName" xmi.id="A.221"/>
            <UML:Attribute name="DrillingOpType" xmi.id="A.222"/>
            <UML:Attribute name="HeadLessorType" xmi.id="A.223"/>
            <UML:Attribute name="ProjectedTotalDepth" xmi.id="A.224"/>
            <UML:Attribute name="RangeAlt" xmi.id="A.225"/>
            <UML:Attribute name="TownshipAlt" xmi.id="A.226"/>
            <UML:Attribute name="SectionAlt" xmi.id="A.227"/>
            <UML:Attribute name="ProjectedProducingDepth" xmi.id="A.228"/>
            <UML:Attribute name="StatusDate" xmi.id="A.229"/>
          </UML:Classifier.feature>
        </UML:Class>
        <UML:Class name="FacilityInfo" xmi.id="C.19">
          <UML:Classifier.feature>
            <UML:Attribute name="Facility" xmi.id="A.230"/>
            <UML:Attribute name="StartDate" xmi.id="A.231"/>
            <UML:Attribute name="EndDate" xmi.id="A.232"/>
            <UML:Attribute name="Name" xmi.id="A.233"/>
            <UML:Attribute name="Subtype" xmi.id="A.234"/>
            <UML:Attribute name="FacLicence" xmi.id="A.235"/>
            <UML:Attribute name="Meridian" xmi.id="A.236"/>
            <UML:Attribute name="Range" xmi.id="A.237"/>
            <UML:Attribute name="Township" xmi.id="A.238"/>
            <UML:Attribute name="Section" xmi.id="A.239"/>
            <UML:Attribute name="LSD" xmi.id="A.240"/>
            <UML:Attribute name="LE" xmi.id="A.241"/>
            <UML:Attribute name="ES" xmi.id="A.242"/>
            <UML:Attribute name="NGLTransprttnRegn" xmi.id="A.243"/>
            <UML:Attribute name="FuelCreditFlg" xmi.id="A.244"/>
            <UML:Attribute name="FuelCreditFacKey" xmi.id="A.245"/>
            <UML:Attribute name="GasLiftCreditFlg" xmi.id="A.246"/>
            <UML:Attribute name="GasLiftCreditFacKey" xmi.id="A.247"/>
            <UML:Attribute name="ExperimentalFlg" xmi.id="A.248"/>
            <UML:Attribute name="ExperimentalApprvlNo" xmi.id="A.249"/>
            <UML:Attribute name="IFGasReproducingFlg" xmi.id="A.250"/>
            <UML:Attribute name="IFGasReproducingKey" xmi.id="A.251"/>
            <UML:Attribute name="IFSteamQuality" xmi.id="A.252"/>
            <UML:Attribute name="RangeAlt" xmi.id="A.253"/>
            <UML:Attribute name="TownshipAlt" xmi.id="A.254"/>
            <UML:Attribute name="SectionAlt" xmi.id="A.255"/>
            <UML:Attribute name="ProvinceState" xmi.id="A.256"/>
          </UML:Classifier.feature>
        </UML:Class>
        <UML:Class name="FacilityLicence" xmi.id="C.20">
          <UML:Classifier.feature>
            <UML:Attribute name="FacLicence" xmi.id="A.257"/>
            <UML:Attribute name="StartDate" xmi.id="A.258"/>
            <UML:Attribute name="EndDate" xmi.id="A.259"/>
            <UML:Attribute name="Licensee" xmi.id="A.260"/>
            <UML:Attribute name="Status" xmi.id="A.261"/>
            <UML:Attribute name="IssueDate" xmi.id="A.262"/>
            <UML:Attribute name="Meridian" xmi.id="A.263"/>
            <UML:Attribute name="Range" xmi.id="A.264"/>
            <UML:Attribute name="Township" xmi.id="A.265"/>
            <UML:Attribute name="Section" xmi.id="A.266"/>
            <UML:Attribute name="LSD" xmi.id="A.267"/>
            <UML:Attribute name="LE" xmi.id="A.268"/>
            <UML:Attribute name="ES" xmi.id="A.269"/>
            <UML:Attribute name="DevlCategory" xmi.id="A.270"/>
            <UML:Attribute name="LicenceType" xmi.id="A.271"/>
            <UML:Attribute name="Purpose" xmi.id="A.272"/>
            <UML:Attribute name="Substance" xmi.id="A.273"/>
            <UML:Attribute name="ProjectedFormation" xmi.id="A.274"/>
            <UML:Attribute name="TerminatingFormation" xmi.id="A.275"/>
            <UML:Attribute name="DrillingOpType" xmi.id="A.276"/>
            <UML:Attribute name="HeadLessorType" xmi.id="A.277"/>
            <UML:Attribute name="ProjectedTotalDepth" xmi.id="A.278"/>
            <UML:Attribute name="RangeAlt" xmi.id="A.279"/>
            <UML:Attribute name="TownshipAlt" xmi.id="A.280"/>
            <UML:Attribute name="SectionAlt" xmi.id="A.281"/>
            <UML:Attribute name="ProjectedProducingDepth" xmi.id="A.282"/>
            <UML:Attribute name="StatusDte" xmi.id="A.283"/>
          </UML:Classifier.feature>
        </UML:Class>
        <UML:Class name="FacilityOperator" xmi.id="C.21">
          <UML:Classifier.feature>
            <UML:Attribute name="Facility" xmi.id="A.284"/>
            <UML:Attribute name="Operator" xmi.id="A.285"/>
            <UML:Attribute name="StartDate" xmi.id="A.286"/>
            <UML:Attribute name="EndDate" xmi.id="A.287"/>
            <UML:Attribute name="PriorPrdAmendmentFlag" xmi.id="A.288"/>
          </UML:Classifier.feature>
        </UML:Class>
        <UML:Class name="FacilityStatus" xmi.id="C.22">
          <UML:Classifier.feature>
            <UML:Attribute name="Facility" xmi.id="A.289"/>
            <UML:Attribute name="StartDate" xmi.id="A.290"/>
            <UML:Attribute name="EndDate" xmi.id="A.291"/>
            <UML:Attribute name="Status" xmi.id="A.292"/>
          </UML:Classifier.feature>
        </UML:Class>
        <UML:Class name="WellFacilitylink" xmi.id="C.23">
          <UML:Classifier.feature>
            <UML:Attribute name="WellEvent" xmi.id="A.293"/>
            <UML:Attribute name="Facility" xmi.id="A.294"/>
            <UML:Attribute name="StartDate" xmi.id="A.295"/>
            <UML:Attribute name="EndDate" xmi.id="A.296"/>
          </UML:Classifier.feature>
        </UML:Class>
        <UML:Class name="RTPInfo" xmi.id="C.24">
          <UML:Classifier.feature>
            <UML:Attribute name="WellEvent" xmi.id="A.297"/>
            <UML:Attribute name="Product" xmi.id="A.298"/>
            <UML:Attribute name="StartDate" xmi.id="A.299"/>
            <UML:Attribute name="EndDate" xmi.id="A.300"/>
            <UML:Attribute name="Payer" xmi.id="A.301"/>
            <UML:Attribute name="MineralOwnershipType" xmi.id="A.302"/>
            <UML:Attribute name="Percent" xmi.id="A.303"/>
          </UML:Classifier.feature>
        </UML:Class>
        <UML:Class name="VolumetricInfo" xmi.id="C.25">
          <UML:Classifier.feature>
            <UML:Attribute name="Facility" xmi.id="A.304"/>
            <UML:Attribute name="ProdMonth" xmi.id="A.305"/>
            <UML:Attribute name="Amendment" xmi.id="A.306"/>
            <UML:Attribute name="Activity" xmi.id="A.307"/>
            <UML:Attribute name="Product" xmi.id="A.308"/>
            <UML:Attribute name="FromTo" xmi.id="A.309"/>
            <UML:Attribute name="Volume" xmi.id="A.310"/>
            <UML:Attribute name="Hours" xmi.id="A.311"/>
            <UML:Attribute name="Energy" xmi.id="A.312"/>
            <UML:Attribute name="BalancingPct" xmi.id="A.313"/>
          </UML:Classifier.feature>
        </UML:Class>
        <UML:Class name="ProrationFactor" xmi.id="C.26">
          <UML:Classifier.feature>
            <UML:Attribute name="Facility" xmi.id="A.314"/>
            <UML:Attribute name="ProdMonth" xmi.id="A.315"/>
            <UML:Attribute name="Amendment" xmi.id="A.316"/>
            <UML:Attribute name="Product" xmi.id="A.317"/>
            <UML:Attribute name="Factor" xmi.id="A.318"/>
          </UML:Classifier.feature>
        </UML:Class>
        <UML:Class name="OVRTPFacility" xmi.id="C.27">
          <UML:Classifier.feature>
            <UML:Attribute name="RTPBA" xmi.id="A.319"/>
            <UML:Attribute name="Facility" xmi.id="A.320"/>
            <UML:Attribute name="ProdMonth" xmi.id="A.321"/>
            <UML:Attribute name="Amendment" xmi.id="A.322"/>
            <UML:Attribute name="ExtractDate" xmi.id="A.323"/>
            <UML:Attribute name="DelFacility" xmi.id="A.324"/>
            <UML:Attribute name="RecFacility" xmi.id="A.325"/>
            <UML:Attribute name="CTPFacility" xmi.id="A.326"/>
            <UML:Attribute name="Contract" xmi.id="A.327"/>
            <UML:Attribute name="PurchaserBA" xmi.id="A.328"/>
            <UML:Attribute name="Volume" xmi.id="A.329"/>
            <UML:Attribute name="GrossPrice" xmi.id="A.330"/>
            <UML:Attribute name="COTCharge" xmi.id="A.331"/>
          </UML:Classifier.feature>
        </UML:Class>
      </UML:Namespace.ownedElement>
    </UML:Model>
  </XMI.content>
</XMI>
